datetime,open,high,low,close,volume
2026-03-12T04:00:00+00:00,54015.49,54580,53880.49,54555.51,10749
2026-03-12T08:00:00+00:00,54555.51,54755,54364.99,54475.01,11436
2026-03-12T12:00:00+00:00,54475.01,54500,53472.49,53879.99,26741
2026-03-12T16:00:00+00:00,53879.99,54062.51,53625.49,53732.51,21086
2026-03-12T20:00:00+00:00,53732.51,53842.49,53437.99,53443.01,3976
2026-03-13T00:00:00+00:00,53443.01,54038,52992.99,53837.99,17214
2026-03-13T04:00:00+00:00,53837.99,53897.51,53122.99,53170.01,10320
2026-03-13T08:00:00+00:00,53170.01,53870.01,52672.5,53852.5,18187
2026-03-13T12:00:00+00:00,53852.5,54247.51,53188,53232.51,25800
2026-03-13T16:00:00+00:00,53232.51,53430.01,53064.99,53193.01,16123
2026-03-13T20:00:00+00:00,53193.01,53212.49,53117.99,53160,1025
2026-03-15T20:00:00+00:00,53160,53677.99,52787.99,53642.99,2436
2026-03-16T00:00:00+00:00,53642.99,53962.5,53078,53557.99,15067
2026-03-16T04:00:00+00:00,53557.99,53827.51,53372.99,53502.49,7063
2026-03-16T08:00:00+00:00,53502.49,54087.5,53362.49,54070,15450
2026-03-16T12:00:00+00:00,54070,54552.51,54067.49,54277.51,14127
2026-03-16T16:00:00+00:00,54277.51,54567.49,54142.99,54448.01,11384
2026-03-16T20:00:00+00:00,54448.01,54497.51,54192.99,54303.01,2251.870352671251
2026-03-17T00:00:00+00:00,54303.01,54363,53752.99,53902.49,9109
2026-03-17T04:00:00+00:00,53902.49,54015.01,53437.99,53707.49,8558
2026-03-17T08:00:00+00:00,53707.49,54035.01,53649.99,53932.51,10762
2026-03-17T12:00:00+00:00,53932.51,54647.49,53917.49,54259.99,13655
2026-03-17T16:00:00+00:00,54259.99,54420,54145,54352.49,8550
2026-03-17T20:00:00+00:00,54352.49,54494.99,54232.09,54237.08,1767.531282809272
2026-03-18T00:00:00+00:00,54237.08,55031.59999999999,54227.09,54997.09,7273
2026-03-18T04:00:00+00:00,54997.09,55281.59,54971.579999999994,54984.09,4580
2026-03-18T08:00:00+00:00,54984.09,54984.09,54491.59999999999,54611.59,8529
2026-03-18T12:00:00+00:00,54611.59,54626.59999999999,53971.579999999994,54121.59999999999,20421
2026-03-18T16:00:00+00:00,54121.59999999999,54276.59,53601.579999999994,53659.079999999994,11976
2026-03-18T20:00:00+00:00,53659.079999999994,53822.29,53297.079999999994,53527.81,2799.5719123842873
2026-03-19T00:00:00+00:00,53527.81,53882.8,53442.79,53604.8,11199
2026-03-19T04:00:00+00:00,53604.8,53604.8,52792.3,52842.29,8852
2026-03-19T08:00:00+00:00,52842.29,53002.31,52339.8,52572.79,24875
2026-03-19T12:00:00+00:00,52572.79,52752.31,51834.8,52554.79,34721
2026-03-19T16:00:00+00:00,52554.79,53289.79,52199.79,52982.81,25988
2026-03-19T20:00:00+00:00,52982.81,53387.81,52952.79,53307.81,1887.949949699148
2026-03-20T00:00:00+00:00,53307.81,53547.81,53002.8,53372.81,6151
2026-03-20T04:00:00+00:00,53372.81,53457.29,53052.79,53414.79,3233
2026-03-20T08:00:00+00:00,53414.79,53617.3,52637.29,53099.8,21361
2026-03-20T12:00:00+00:00,53099.8,53214.81,51952.3,52014.81,27691
2026-03-20T16:00:00+00:00,52014.81,52187.31,51024.8,51197.8,20093
2026-03-20T20:00:00+00:00,51197.8,51262.79,51097.79,51117.29,926
2026-03-22T20:00:00+00:00,51117.29,51314.79,50532.79,51077.81,3223
2026-03-23T00:00:00+00:00,51077.81,51607.3,50557.8,51137.3,26317
2026-03-23T04:00:00+00:00,51137.3,51557.29,50692.81,50842.3,16352
2026-03-23T08:00:00+00:00,50842.3,54117.79,50802.79,52617.8,43581
2026-03-23T12:00:00+00:00,52617.8,53767.31,52377.8,52949.79,40261
2026-03-23T16:00:00+00:00,52949.79,53504.81,52709.79,53127.8,21776
2026-03-23T20:00:00+00:00,53127.8,53212.31,52692.8,52927.8,2675.079226880022
2026-03-24T00:00:00+00:00,52927.8,52927.8,51542.8,51972.79,19126
2026-03-24T04:00:00+00:00,51972.79,53002.81,51627.29,52852.8,10410
2026-03-24T08:00:00+00:00,52852.8,53027.29,52287.3,52752.29,24928
2026-03-24T12:00:00+00:00,52752.29,52847.31,52102.29,52594.8,32333
2026-03-24T16:00:00+00:00,52594.8,52972.31,52387.29,52587.31,20588
2026-03-24T20:00:00+00:00,52587.31,53524.79,52577.8,53412.79,4806.774854111406
2026-03-25T00:00:00+00:00,53412.79,53962.81,53317.81,53607.8,13284
2026-03-25T04:00:00+00:00,53607.8,53852.79,53547.81,53812.29,8060
2026-03-25T08:00:00+00:00,53812.29,54317.31,53684.8,53972.31,16645
2026-03-25T12:00:00+00:00,53972.31,54109.79,53362.3,53684.79,25377
2026-03-25T16:00:00+00:00,53684.79,54012.31,53567.3,53847.31,13268
2026-03-25T20:00:00+00:00,53847.31,53882.29,53442.79,53797.8,1962.928003015554
2026-03-26T00:00:00+00:00,53797.8,54112.3,53292.79,53527.81,15939
2026-03-26T04:00:00+00:00,53527.81,53567.3,53092.79,53347.29,12924
2026-03-26T08:00:00+00:00,53347.29,53512.29,52817.79,52824.81,14839
2026-03-26T12:00:00+00:00,52824.81,53409.81,52777.79,53022.3,21044
2026-03-26T16:00:00+00:00,53022.3,53059.79,52312.79,52327.79,10475
2026-03-26T20:00:00+00:00,52327.79,52969.79,52262.79,52825.79,4303.455437482515
2026-03-27T00:00:00+00:00,52825.79,53380.81,52420.79,53360.8,15862
2026-03-27T04:00:00+00:00,53360.8,53630.8,52790.79,52862.81,9188
2026-03-27T08:00:00+00:00,52862.81,52960.31,51942.81,52120.31,16745
2026-03-27T12:00:00+00:00,52120.31,52162.79,51707.79,51945.31,22758
2026-03-27T16:00:00+00:00,51945.31,51992.79,51415.31,51555.29,9841
2026-03-27T20:00:00+00:00,51555.29,51610.81,51395.79,51450.79,826
2026-03-29T20:00:00+00:00,51447.79,51447.79,50345.21,50735.2,3478
2026-03-30T00:00:00+00:00,50735.2,51505.22,50305.22,51470.21,23916
2026-03-30T04:00:00+00:00,51470.21,51907.22,51375.2,51899.71,10542
2026-03-30T08:00:00+00:00,51899.71,52130.22,51605.22,51729.72,14793
2026-03-30T12:00:00+00:00,51729.72,51912.22,51309.7,51622.22,26351
2026-03-30T16:00:00+00:00,51622.22,51637.22,50749.7,50945.22,16324.73828125
2026-03-30T20:00:00+00:00,50945.22,51064.72,50695.21,50895.22,2029.9730880599557
2026-03-31T00:00:00+00:00,50895.22,52075.21,50445.2,51214.7,31864
2026-03-31T04:00:00+00:00,51214.7,51559.7,50910.2,51450.2,17174
2026-03-31T08:00:00+00:00,51450.2,51720.21,51095.2,51655.21,19939
2026-03-31T12:00:00+00:00,51655.21,51949.72,51410.2,51560.22,34508
2026-03-31T16:00:00+00:00,51560.22,52969.72,51535.2,52912.21,47677
2026-03-31T20:00:00+00:00,52912.21,53175.22,52730.21,53175.22,2607.7406979188563
2026-04-01T00:00:00+00:00,53175.22,53324.71,52630.2,53274.71,15013
2026-04-01T04:00:00+00:00,53274.71,54129.72,53265.2,53724.7,9402
2026-04-01T08:00:00+00:00,53724.7,54167.21,53544.7,54089.7,14919
2026-04-01T12:00:00+00:00,54089.7,54544.72,53685.22,54519.7,28918
2026-04-01T16:00:00+00:00,54519.7,54582.22,53880.2,54102.2,11447
2026-04-01T20:00:00+00:00,54102.2,54322.2,54010.2,54122.7,1720.4730481156448
2026-04-02T00:00:00+00:00,54122.7,54212.72,52432.7,52462.72,37273
2026-04-02T04:00:00+00:00,52462.72,52702.21,52212.72,52667.22,12200
2026-04-02T08:00:00+00:00,52667.22,52709.7,52189.7,52189.7,11891
2026-04-02T12:00:00+00:00,52189.7,53512.21,52079.71,53029.72,41296
2026-04-02T16:00:00+00:00,53029.72,53284.7,52897.22,53244.71,15886.09146961803
2026-04-02T20:00:00+00:00,53244.71,53264.71,52940.2,53005.2,1539.124532553849
2026-04-03T00:00:00+00:00,53005.2,53389.7,52840.21,52985.22,7801
2026-04-03T04:00:00+00:00,52985.22,53172.21,52914.71,53029.72,4083
2026-04-03T08:00:00+00:00,53029.72,53237.22,52929.71,53237.22,2666
2026-04-03T12:00:00+00:00,53237.22,53405.2,53094.7,53166.8,4776.29396917147
2026-04-03T16:00:00+00:00,53166.8,53234.600000000006,53097.5,53233.799999999996,3606.248402185858
2026-04-03T20:00:00+00:00,53233.799999999996,53238.1,53188.49999999999,53210.899999999994,1561.993047565066
2026-04-05T20:00:00+00:00,53167.21,53167.21,52580.2,53155.22,2110.208333333333
2026-04-06T00:00:00+00:00,53155.22,54034.72,53140.21,53752.2,10221
2026-04-06T04:00:00+00:00,53752.2,53864.72,53334.7,53842.2,7734
2026-04-06T08:00:00+00:00,53842.2,54087.21,53659.71,53664.7,7167
2026-04-06T12:00:00+00:00,53664.7,53849.72,53529.7,53744.72,12307
2026-04-06T16:00:00+00:00,53744.72,53959.72,53500.21,53889.7,7416
2026-04-06T20:00:00+00:00,53889.7,53959.72,53633.2,53642.71,1505.7319140888078
2026-04-07T00:00:00+00:00,53642.71,53893.2,53158.2,53278.21,12681
2026-04-07T04:00:00+00:00,53278.21,53552.71,53123.21,53500.22,9149
2026-04-07T08:00:00+00:00,53500.22,53995.21,53247.71,53335.21,19629
2026-04-07T12:00:00+00:00,53335.21,53582.71,52747.7,53057.72,18967
2026-04-07T16:00:00+00:00,53057.72,53888.22,53057.72,53865.2,16079
2026-04-07T20:00:00+00:00,53865.2,56344.71,53803.2,56120.2,8990
2026-04-08T00:00:00+00:00,56120.2,56429.71,55610.2,56085.2,21637
2026-04-08T04:00:00+00:00,56085.2,56497.21,56085.2,56364.71,12306
2026-04-08T08:00:00+00:00,56364.71,56987.22,56197.2,56959.71,14483
2026-04-08T12:00:00+00:00,56959.71,57262.2,56534.72,56884.7,31084
2026-04-08T16:00:00+00:00,56884.7,57002.21,56587.2,56984.72,16837
2026-04-08T20:00:00+00:00,56984.72,57049.71,56355.21,56380.22,2643
2026-04-09T00:00:00+00:00,56380.22,56434.71,55845.2,55854.71,14669
2026-04-09T04:00:00+00:00,55854.71,56345.21,55700.2,55809.72,10221
2026-04-09T08:00:00+00:00,55809.72,56049.72,55685.21,56029.71,10846
2026-04-09T12:00:00+00:00,56029.71,56582.21,55804.71,56557.22,25394
2026-04-09T16:00:00+00:00,56557.22,56784.72,56449.72,56599.71,13046
2026-04-09T20:00:00+00:00,56599.71,56723.26,56408.24,56542.74,1887.7841433969447
2026-04-10T00:00:00+00:00,56542.74,56952.75,56483.25,56865.25,7884
2026-04-10T04:00:00+00:00,56865.25,57032.75,56742.75,56842.76,4380
2026-04-10T08:00:00+00:00,56842.76,57155.26,56702.74,57055.26,8902
2026-04-10T12:00:00+00:00,57055.26,57402.74,57042.75,57112.75,12474
2026-04-10T16:00:00+00:00,57112.75,57332.76,57045.25,57305.24,7243.375210887414
2026-04-10T20:00:00+00:00,57305.24,57405.26,57292.76,57385.25,336.29922589725544
2026-04-12T20:00:00+00:00,57387.75,57387.75,55845.71,56335.71,2594
2026-04-13T00:00:00+00:00,56335.71,56782.73,56260.71,56320.23,10979
2026-04-13T04:00:00+00:00,56320.23,56617.72,56250.71,56610.23,5538
2026-04-13T08:00:00+00:00,56610.23,56782.72,56365.22,56375.21,7537
2026-04-13T12:00:00+00:00,56375.21,57072.71,56320.72,56950.21,15582
2026-04-13T16:00:00+00:00,56950.21,57615.23,56897.71,57587.73,8503
2026-04-13T20:00:00+00:00,57587.73,57760.6,57426.09,57451.1,1734
2026-04-14T00:00:00+00:00,57451.1,58013.11,57391.1,57886.09,7982
2026-04-14T04:00:00+00:00,57886.09,58183.11,57745.6,58145.61,5583
2026-04-14T08:00:00+00:00,58145.61,58240.61,57845.61,58130.59,7402
2026-04-14T12:00:00+00:00,58130.59,58600.6,58096.09,58570.6,10181
2026-04-14T16:00:00+00:00,58570.6,58813.11,58563.1,58780.6,4021
2026-04-14T20:00:00+00:00,58780.6,58826.95,58629.93,58679.95,1568.9009483667019
2026-04-15T00:00:00+00:00,58679.95,58699.94,58179.95,58449.44,6735
2026-04-15T04:00:00+00:00,58449.44,58579.43,58074.95,58321.94,5111
2026-04-15T08:00:00+00:00,58321.94,58419.95,58094.93,58269.43,8356
2026-04-15T12:00:00+00:00,58269.43,58436.93,58149.93,58366.93,7996
2026-04-15T16:00:00+00:00,58366.93,58569.44,58256.93,58509.44,5175
2026-04-15T20:00:00+00:00,58509.44,58692.16,58474.93,58577.64,783.5418283658394
2026-04-16T00:00:00+00:00,58577.64,59652.16,58562.66,59492.14,9181
2026-04-16T04:00:00+00:00,59492.14,59727.15,59342.65,59382.14,5061
2026-04-16T08:00:00+00:00,59382.14,59427.15,59177.14,59254.64,5581
2026-04-16T12:00:00+00:00,59254.64,59299.66,58867.16,59274.66,13802
2026-04-16T16:00:00+00:00,59274.66,59324.66,59074.64,59262.15,8561
2026-04-16T20:00:00+00:00,59262.15,59526.95,59212.15,59331.95,1160.096467062599
2026-04-17T00:00:00+00:00,59331.95,59421.94,58882.43,59001.95,7084
2026-04-17T04:00:00+00:00,59001.95,59066.95,58556.95,58836.93,4521
2026-04-17T08:00:00+00:00,58836.93,59039.45,58724.43,59011.93,4299
2026-04-17T12:00:00+00:00,59011.93,60054.45,59004.45,59811.93,20769
2026-04-17T16:00:00+00:00,59811.93,59906.95,59552.43,59771.93,7704.671717171717
2026-04-17T20:00:00+00:00,59771.93,59804.45,59708.93,59711.44,329.94112554112553
2026-04-19T20:00:00+00:00,59721.94,59721.94,58657.45,58942.44,2122
2026-04-20T00:00:00+00:00,58942.44,59216.94,58777.44,59126.93,8127
2026-04-20T04:00:00+00:00,59126.93,59126.93,58632.44,58766.95,7217
2026-04-20T08:00:00+00:00,58766.95,58964.45,58651.93,58894.43,7090
2026-04-20T12:00:00+00:00,58894.43,59181.95,58797.43,59041.94,14656
2026-04-20T16:00:00+00:00,59041.94,59231.93,58981.94,59226.93,4709
2026-04-20T20:00:00+00:00,59226.93,59384.41,59056.91,59071.92,1014.6221470061346
2026-04-21T00:00:00+00:00,59071.92,59661.41,59071.92,59571.4,5933
2026-04-21T04:00:00+00:00,59571.4,59658.92,59248.91,59331.4,3452
2026-04-21T08:00:00+00:00,59331.4,59408.92,59178.91,59203.9,4683
2026-04-21T12:00:00+00:00,59203.9,59228.9,58726.41,58838.92,15773
2026-04-21T16:00:00+00:00,58838.92,58956.41,58286.4,58456.41,20720
2026-04-21T20:00:00+00:00,58456.41,59142.53,58381.9,59068.03,4195.261618155255
2026-04-22T00:00:00+00:00,59068.03,59732.52,59038.01,59547.51,8150
2026-04-22T04:00:00+00:00,59547.51,59820.03,59257.53,59717.52,6190
2026-04-22T08:00:00+00:00,59717.52,59747.53,59390.02,59500.03,8327
2026-04-22T12:00:00+00:00,59500.03,59632.51,59375.01,59505.03,14448
2026-04-22T16:00:00+00:00,59505.03,59845.03,59470.01,59832.53,7267
2026-04-22T20:00:00+00:00,59832.53,60008.45,59683.95,59938.94,1801.9319409358516
2026-04-23T00:00:00+00:00,59938.94,60225.94,58658.93,58998.44,22057
2026-04-23T04:00:00+00:00,58998.44,59308.45,58893.93,59155.95,8427
2026-04-23T08:00:00+00:00,59155.95,59230.95,58780.94,59135.94,11395
2026-04-23T12:00:00+00:00,59135.94,59450.93,59033.93,59328.44,15219
2026-04-23T16:00:00+00:00,59328.44,59415.95,58320.93,58928.44,31986
2026-04-23T20:00:00+00:00,58928.44,59402.44,58798.93,59397.94,2001.2733787780599
2026-04-24T00:00:00+00:00,59397.94,59717.46,59277.94,59379.96,18902
2026-04-24T04:00:00+00:00,59379.96,59769.96,59332.95,59684.96,6558
2026-04-24T08:00:00+00:00,59684.96,60092.46,59362.94,59882.46,16078
2026-04-24T12:00:00+00:00,59882.46,60107.44,59584.94,60044.94,23837
2026-04-24T16:00:00+00:00,60044.94,60084.95,59884.94,59997.44,7260.573668882085
2026-04-24T20:00:00+00:00,59997.44,60032.44,59920.44,59989.96,447
2026-04-26T20:00:00+00:00,59987.46,60115.52,59676.04,60110.53,1539
2026-04-27T00:00:00+00:00,60110.53,60875.54,59631.02,60810.54,16885
2026-04-27T04:00:00+00:00,60810.54,60930.52,60131.02,60273.04,10278
2026-04-27T08:00:00+00:00,60273.04,60608.04,60155.53,60543.02,6165
2026-04-27T12:00:00+00:00,60543.02,60558.04,59968.02,60095.52,15830
2026-04-27T16:00:00+00:00,60095.52,60218.04,60020.52,60183.03,4046
2026-04-27T20:00:00+00:00,60183.03,60446.81,60146.02,60341.79,2042
2026-04-28T00:00:00+00:00,60341.79,60471.31,59926.79,59991.81,17377
2026-04-28T04:00:00+00:00,59991.81,60076.3,59721.8,60051.79,8858
2026-04-28T08:00:00+00:00,60051.79,60106.3,59231.8,59296.3,11129
2026-04-28T12:00:00+00:00,59296.3,59431.3,58858.8,58968.8,26603
2026-04-28T16:00:00+00:00,58968.8,59203.81,58916.29,59101.3,7642
2026-04-28T20:00:00+00:00,59101.3,59296.01,58954.01,59296.01,1676.4987534889706
2026-04-29T00:00:00+00:00,59296.01,59441,59084,59413.52,8554
2026-04-29T04:00:00+00:00,59413.52,59501.02,59056,59106,5719
2026-04-29T08:00:00+00:00,59106,59373.51,59016.02,59261.02,12184
2026-04-29T12:00:00+00:00,59261.02,59313.52,58803.5,58928.5,19748
2026-04-29T16:00:00+00:00,58928.5,59031.01,58588.53,58886.03999999999,19263.03244879285
2026-04-29T20:00:00+00:00,58886.03999999999,59242.67,58558.53,59162.17,8579.605190280832
2026-04-30T00:00:00+00:00,59162.17,59487.19,58947.67,59234.69,19697
2026-04-30T04:00:00+00:00,59234.69,59652.18,58917.67,59477.67,15094
2026-04-30T08:00:00+00:00,59477.67,59584.68,58807.19,59167.19,20230
2026-04-30T12:00:00+00:00,59167.19,59572.18,59092.19,59479.69,21043
2026-04-30T16:00:00+00:00,59479.69,59859.67,59419.67,59777.19,7119
2026-04-30T20:00:00+00:00,59777.19,59882.23,59637.73,59657.71,2994.769830669544
2026-05-01T00:00:00+00:00,59657.71,59732.22,59377.71,59642.72,9517
2026-05-01T04:00:00+00:00,59642.72,59717.23,59067.72,59327.21,5417
2026-05-01T08:00:00+00:00,59327.21,59339.73,59132.22,59182.23,4051
2026-05-01T12:00:00+00:00,59182.23,59582.22,59072.23,59507.22,11582
2026-05-01T16:00:00+00:00,59507.22,59562.21,59297.71,59387.23,6358.684005020221
2026-05-01T20:00:00+00:00,59387.23,59387.23,59277.71,59277.71,488
2026-05-03T20:00:00+00:00,59277.71,59741.09,59277.71,59436.09,2305
2026-05-04T00:00:00+00:00,59436.09,59895.59,59321.07,59761.08,10355
2026-05-04T04:00:00+00:00,59761.08,59980.57,59703.09,59775.58,5926
2026-05-04T08:00:00+00:00,59775.58,59820.59,59095.59,59610.58,18749
2026-05-04T12:00:00+00:00,59610.58,60010.58,59365.57,59465.59,23713
2026-05-04T16:00:00+00:00,59465.59,59575.59,59241.07,59458.08,12821
2026-05-04T20:00:00+00:00,59458.08,59542.26,59322.27,59342.26,1839.3740570910936
2026-05-05T00:00:00+00:00,59342.26,59626.78,59282.26,59586.78,8463.358383616749
2026-05-05T04:00:00+00:00,59586.78,59906.78,59502.26,59721.76,6194
2026-05-05T08:00:00+00:00,59721.76,60001.77,59686.78,59969.26,7896
2026-05-05T12:00:00+00:00,59969.26,60549.27,59927.28,60509.28,11994
2026-05-05T16:00:00+00:00,60509.28,60676.76,60474.28,60594.26,3321
2026-05-05T20:00:00+00:00,60594.26,61228.48,60542.26,60993.49,3663
2026-05-06T00:00:00+00:00,60993.49,61417.99,60958.47,61173.49,13086
2026-05-06T04:00:00+00:00,61173.49,61342.99,60958.47,61307.97,7910
2026-05-06T08:00:00+00:00,61307.97,62345.48,61293.48,62057.98,20620
2026-05-06T12:00:00+00:00,62057.98,62062.98,61552.98,61792.98,23331
2026-05-06T16:00:00+00:00,61792.98,62115.49,61600.48,62055.48,5923
2026-05-06T20:00:00+00:00,62055.48,62322.99,61692.18,61862.189999999995,3812.0583375062592
2026-05-07T00:00:00+00:00,61862.189999999995,62991.68,61817.18,62891.689999999995,19204
2026-05-07T04:00:00+00:00,62891.689999999995,63341.68,62837.18,63279.189999999995,11601
2026-05-07T08:00:00+00:00,63279.189999999995,63344.18,62679.18,62751.7,11767
2026-05-07T12:00:00+00:00,62751.7,62946.68,62396.689999999995,62431.7,15841
2026-05-07T16:00:00+00:00,62431.7,62459.2,62034.2,62196.689999999995,25530
2026-05-07T20:00:00+00:00,62196.689999999995,62443.56,61954.04,62434.05,5670.909082409652
2026-05-08T00:00:00+00:00,62434.05,62773.55,62109.06,62478.54,22285
2026-05-08T04:00:00+00:00,62478.54,62856.05,62369.04,62831.06,12739
2026-05-08T08:00:00+00:00,62831.06,63068.56,62659.05,62891.04,9380
2026-05-08T12:00:00+00:00,62891.04,63433.55,62849.05,63261.04,18134
2026-05-08T16:00:00+00:00,63261.04,63706.05,63261.04,63651.06,8569.596707392835
2026-05-08T20:00:00+00:00,63651.06,63696.04,63606.55,63631.56,590
2026-05-10T20:00:00+00:00,63634.06,63807.43,63317.91,63442.92,2474
2026-05-11T00:00:00+00:00,63442.92,63497.93,62427.92,62647.93,20609
2026-05-11T04:00:00+00:00,62647.93,62797.42,62342.42,62659.91,9174
2026-05-11T08:00:00+00:00,62659.91,62727.43,62452.93,62604.93,8428
2026-05-11T12:00:00+00:00,62604.93,62904.93,62507.93,62849.93,13971
2026-05-11T16:00:00+00:00,62849.93,62934.93,62677.42,62922.43,7122
2026-05-11T20:00:00+00:00,62922.43,63058.88,62694.37,62839.37,2418.971191457441
2026-05-12T00:00:00+00:00,62839.37,63238.89,62179.38,62734.38,25091
2026-05-12T04:00:00+00:00,62734.38,62898.87,62388.88,62576.38,15163
2026-05-12T08:00:00+00:00,62576.38,62721.37,62386.37,62433.87,12367
2026-05-12T12:00:00+00:00,62433.87,62641.38,61801.38,61911.37,25154
2026-05-12T16:00:00+00:00,61911.37,62506.39,61763.87,62483.88,13564
2026-05-12T20:00:00+00:00,62483.88,62709.94,62225.42,62275.43,2647.479561878952
2026-05-13T00:00:00+00:00,62275.43,63237.44,62250.43,63149.92,21253
2026-05-13T04:00:00+00:00,63149.92,63412.42,63085.44,63302.43,7259
2026-05-13T08:00:00+00:00,63302.43,63334.92,62874.93,63022.44,7239
2026-05-13T12:00:00+00:00,63022.44,63222.43,62704.93,63094.93,15491
2026-05-13T16:00:00+00:00,63094.93,63459.94,63077.43,63407.42,5893.901654272272
2026-05-13T20:00:00+00:00,63407.42,63728.38,63347.92,63708.89,2218.490082643884
2026-05-14T00:00:00+00:00,63708.89,63843.39,63313.87,63353.87,18523
2026-05-14T04:00:00+00:00,63353.87,63468.39,62628.89,62648.89,13178
2026-05-14T08:00:00+00:00,62648.89,63038.39,62533.87,62985.87,9686
2026-05-14T12:00:00+00:00,62985.87,63050.89,62668.88,62950.89,12114
2026-05-14T16:00:00+00:00,62950.89,63090.88,62765.89,63035.88,9729
2026-05-14T20:00:00+00:00,63035.88,63127.41,62827.89,62957.91,2484.103593339176
2026-05-15T00:00:00+00:00,62957.91,63267.4,61762.91,61897.39,25427
2026-05-15T04:00:00+00:00,61897.39,62102.41,60967.89,61899.89,16366
2026-05-15T08:00:00+00:00,61899.89,62177.39,61412.39,61749.91,22329
2026-05-15T12:00:00+00:00,61749.91,62084.91,61584.89,61834.91,31566
2026-05-15T16:00:00+00:00,61834.91,62097.39,61730.420000000006,61799.920000000006,12485.592092778072
2026-05-15T20:00:00+00:00,61799.920000000006,61799.920000000006,61580.4,61652.4,1269
2026-05-17T20:00:00+00:00,61654.89,61841.74,61402.26,61717.26,4306
2026-05-18T00:00:00+00:00,61717.26,61787.25,60392.25,60937.24,48063
2026-05-18T04:00:00+00:00,60937.24,61171.74,60544.24,60856.76,17057
2026-05-18T08:00:00+00:00,60856.76,61506.74,60791.74,61259.25,14427
2026-05-18T12:00:00+00:00,61259.25,61811.76,61107.24,61276.74,33879
2026-05-18T16:00:00+00:00,61276.74,61536.75,60842.24,61522.25,20128
2026-05-18T20:00:00+00:00,61522.25,61640.72,61253.73,61278.73,3306
2026-05-19T00:00:00+00:00,61278.73,61498.24,60443.71000000001,60538.71000000001,35898
2026-05-19T04:00:00+00:00,60538.71000000001,61095.740000000005,60283.71000000001,61048.72000000001,21139
2026-05-19T08:00:00+00:00,61048.72000000001,61140.73000000001,60205.72000000001,60308.240000000005,18919
2026-05-19T12:00:00+00:00,60308.240000000005,60558.23000000001,59945.740000000005,60373.240000000005,37019
2026-05-19T16:00:00+00:00,60373.240000000005,60988.240000000005,60370.73000000001,60655.72000000001,18114
2026-05-19T20:00:00+00:00,60655.72000000001,60854.71,60445.2,60465.2,3170
2026-05-20T00:00:00+00:00,60465.2,60485.22,59315.21,59715.21,57093
2026-05-20T04:00:00+00:00,59715.21,60017.22,59520.21,59824.7,18700
2026-05-20T08:00:00+00:00,59824.7,60404.72,59817.21,60282.22,10609
2026-05-20T12:00:00+00:00,60282.22,61414.72,60259.71,61172.21,33051
2026-05-20T16:00:00+00:00,61172.21,61517.22,61027.2,61497.2,12760
2026-05-20T20:00:00+00:00,61497.2,61539.72,60991.25,61361.23,5146
2026-05-21T00:00:00+00:00,61361.23,62003.75,61226.74,61931.24,26412
2026-05-21T04:00:00+00:00,61931.24,62053.73,61281.24,61478.74,12483
2026-05-21T08:00:00+00:00,61478.74,61886.24,60991.75,61178.75,17136
2026-05-21T12:00:00+00:00,61178.75,61686.25,61111.73,61578.75,24486
2026-05-21T16:00:00+00:00,61578.75,62331.24,61563.73,62151.75,19851
2026-05-21T20:00:00+00:00,62151.75,62382.15,62032.13,62362.14,2500
2026-05-22T00:00:00+00:00,62362.14,63386.64,62297.15,63366.64,19115
2026-05-22T04:00:00+00:00,63366.64,63471.65,63094.13,63244.14,9381
2026-05-22T08:00:00+00:00,63244.14,63381.64,62841.64,63069.15,11847
2026-05-22T12:00:00+00:00,63069.15,63579.13,63061.63,63516.64,18366
2026-05-22T16:00:00+00:00,63516.64,63776.65,63256.65,63299.63,9937.85682074408
2026-05-22T20:00:00+00:00,63299.63,63354.13,63169.64,63309.14,912
2026-05-24T20:00:00+00:00,63306.64,64199.74,63306.64,64000.25,3404
2026-05-25T00:00:00+00:00,64000.25,65409.74,63790.23,65260.25,21038
2026-05-25T04:00:00+00:00,65260.25,65379.75,64915.23,65209.73,8576
2026-05-25T08:00:00+00:00,65209.73,65389.73,65085.23,65277.23,4575
2026-05-25T12:00:00+00:00,65277.23,65664.75,65200.25,65384.74,6697
2026-05-25T16:00:00+00:00,65384.74,65507.130000000005,65357.23,65481.49999999999,1826.2230976306212
2026-05-25T20:00:00+00:00,65475.23,65475.25,65150.91,65365.93,2536
2026-05-26T00:00:00+00:00,65365.93,65400.92,64620.92,65095.93,28547
2026-05-26T04:00:00+00:00,65095.93,65155.42,64810.91,64970.43,12379
2026-05-26T08:00:00+00:00,64970.43,65627.91,64960.93,65502.93,9355
2026-05-26T12:00:00+00:00,65502.93,65605.42,65222.93,65302.92,15704
2026-05-26T16:00:00+00:00,65302.92,65655.41,65270.42,65622.91,6926
2026-05-26T20:00:00+00:00,65622.91,66237.26,65467.24,66237.24,3098.2709899749375
2026-05-27T00:00:00+00:00,66237.24,66496.76,65527.24,65661.76,25475
2026-05-27T04:00:00+00:00,65661.76,65691.76,64937.26,65284.26,13220
2026-05-27T08:00:00+00:00,65284.26,65449.26,65117.24,65259.25,9240
2026-05-27T12:00:00+00:00,65259.25,65581.76,64747.24,64896.75,24513
2026-05-27T16:00:00+00:00,64896.75,65219.770000000004,64856.75,65177.26,6566.610278372591
2026-05-27T20:00:00+00:00,65177.26,65293.54,64618.54,64643.53,2616.7417063589883
2026-05-28T00:00:00+00:00,64643.53,65168.53,64108.52,64228.04,30427
2026-05-28T04:00:00+00:00,64228.04,64735.53,63878.53,64663.03,17049
2026-05-28T08:00:00+00:00,64663.03,64728.04,64340.54,64500.54,11014
2026-05-28T12:00:00+00:00,64500.54,65655.54,64493.02,65615.52,20429
2026-05-28T16:00:00+00:00,65615.52,65895.52,65593.02,65725.52,5603
2026-05-28T20:00:00+00:00,65725.52,65879.41,65539.89,65744.91,2281.3922410539244
2026-05-29T00:00:00+00:00,65744.91,66209.4,65579.89,66149.41,20811
2026-05-29T04:00:00+00:00,66149.41,66551.9,66129.9,66379.41,10432
2026-05-29T08:00:00+00:00,66379.41,66649.39,66099.9,66331.89,11416
2026-05-29T12:00:00+00:00,66331.89,66444.39,66046.89,66164.4,18507
2026-05-29T16:00:00+00:00,66164.4,66326.91,66066.87,66184.89,7601.429431634601
2026-05-29T20:00:00+00:00,66184.89,66294.39,66179.89,66209.87999999999,514
2026-05-31T20:00:00+00:00,66209.9,66753.44,66038.44,66313.46,2560.6616491724253
2026-06-01T00:00:00+00:00,66313.46,67225.44,66298.44,66723.46,21439
2026-06-01T04:00:00+00:00,66723.46,67257.96,66633.44,67115.45,11242
2026-06-01T08:00:00+00:00,67115.45,67182.95,66827.94,66995.45,8450
2026-06-01T12:00:00+00:00,66995.45,67282.96,66508.44,66923.44,29070
2026-06-01T16:00:00+00:00,66923.44,67610.46,66843.45,67287.95,8175.319124423963
2026-06-01T20:00:00+00:00,67287.95,67352.96,66864.65,67149.65,2844.0542740841247
2026-06-02T00:00:00+00:00,67149.65,67179.65,65564.65,65899.66,34928
2026-06-02T04:00:00+00:00,65899.66,66931.64,65854.64,66916.66,13191
2026-06-02T08:00:00+00:00,66916.66,66969.15,66691.65,66761.66,8342
2026-06-02T12:00:00+00:00,66761.66,67394.15,66686.64,67376.66,14792
2026-06-02T16:00:00+00:00,67376.66,67526.65,67226.64,67521.66,5434
2026-06-02T20:00:00+00:00,67521.66,67741.03,66841.03,67716.02,4485.8875983025
2026-06-03T00:00:00+00:00,67716.02,68735.53,67401.03,68591.03,22828
2026-06-03T04:00:00+00:00,68591.03,68778.02,68401.01,68588.02,9137
2026-06-03T08:00:00+00:00,68588.02,68735.51,68315.53,68490.52,12750
2026-06-03T12:00:00+00:00,68490.52,68515.53,67956.01,68135.51,22538
2026-06-03T16:00:00+00:00,68135.51,68403.03,67990.53,68225.52,12358.989308945707
2026-06-03T20:00:00+00:00,68225.52,68253.01,67152.1,67612.1,8798
2026-06-04T00:00:00+00:00,67612.1,67886.6,66927.1,67261.6,27720
2026-06-04T04:00:00+00:00,67261.6,67774.09,67192.08,67691.6,16787
2026-06-04T08:00:00+00:00,67691.6,67741.6,67054.09,67369.1,18277
2026-06-04T12:00:00+00:00,67369.1,67449.09,66911.59,67304.08,27252
2026-06-04T16:00:00+00:00,67304.08,67889.09,67281.59,67746.58,7279
2026-06-04T20:00:00+00:00,67746.58,67756.58,66943.56,66973.57,3792
2026-06-05T00:00:00+00:00,66973.57,66973.58,65863.56,66398.56,27812
2026-06-05T04:00:00+00:00,66398.56,66823.08,66313.56,66658.06,15042
2026-06-05T08:00:00+00:00,66658.06,67160.56,66470.57,66745.57,14364
2026-06-05T12:00:00+00:00,66745.57,66778.58,65378.58,65408.07,38992
2026-06-05T16:00:00+00:00,65408.07,65408.07,63784.07,63998.590000000004,41652.6694237662
2026-06-05T20:00:00+00:00,63998.590000000004,64033.58,63469.07,63698.58,4907
2026-06-07T20:00:00+00:00,63703.07,64219.7,63387.69,63797.7,7959
2026-06-08T00:00:00+00:00,63797.7,64732.18,63392.68,64192.2,75805
2026-06-08T04:00:00+00:00,64192.2,64482.18,63432.69,64384.7,37530
2026-06-08T08:00:00+00:00,64384.7,65102.19,64097.68,64887.69,32932
2026-06-08T12:00:00+00:00,64887.69,65902.19,64872.68,65709.7,43866
2026-06-08T16:00:00+00:00,65709.7,65869.69,65377.68,65557.18,33455
2026-06-08T20:00:00+00:00,65557.18,65594.17,64689.16,65144.18,6110
2026-06-09T00:00:00+00:00,65144.18,65258.66,63904.16,65199.17,60182
2026-06-09T04:00:00+00:00,65199.17,65748.67,65103.66,65503.66,24688
2026-06-09T08:00:00+00:00,65503.66,65793.68,65444.17,65538.66,15180
2026-06-09T12:00:00+00:00,65538.66,66101.18,64279.17,64301.18,65308
2026-06-09T16:00:00+00:00,64301.18,64724.17,63089.17,64499.17,104139
2026-06-09T20:00:00+00:00,64499.17,64568.68,63950.26,64450.27,8048.802646017662
2026-06-10T00:00:00+00:00,64450.27,65084.78,64355.26,64485.27,53297
2026-06-10T04:00:00+00:00,64485.27,64519.77,63730.27,64299.78,32095
2026-06-10T08:00:00+00:00,64299.78,64312.28,63165.27,63422.26,38711
2026-06-10T12:00:00+00:00,63422.26,64834.78,63290.26,63759.76,86750
2026-06-10T16:00:00+00:00,63759.76,63954.77,63300.28,63310.26,60249
2026-06-10T20:00:00+00:00,63310.26,63322.27,62475.5,62615.5,6511.396565395864
2026-06-11T00:00:00+00:00,62615.5,64230.01,62330.51,64225.51,74777
2026-06-11T04:00:00+00:00,64225.51,64604.99,63955.49,64465,27741
2026-06-11T08:00:00+00:00,64465,64900,64415.5,64609.99,17630
2026-06-11T12:00:00+00:00,64609.99,65080.01,63940.5,64742.49,68108
2026-06-11T16:00:00+00:00,64742.49,66305.01,64385,66245,60303
2026-06-11T20:00:00+00:00,66245,66978.01,66205.49,66807.99,8452
2026-06-12T00:00:00+00:00,66807.99,67062.51,65838,66513.01,44726
2026-06-12T04:00:00+00:00,66513.01,66672.5,65845,66298.01,32543
2026-06-12T08:00:00+00:00,66298.01,67137.51,66242.99,67002.51,29272
2026-06-12T12:00:00+00:00,67002.51,67345.01,66332.99,66867.49,61897
2026-06-12T16:00:00+00:00,66867.49,67412.51,66763,67118.51,38881.43874303898
2026-06-12T20:00:00+00:00,67118.51,67265.51,67103.51,67250.51999999999,827
2026-06-14T20:00:00+00:00,67260,68693.01,67260,68478.01,5148
2026-06-15T00:00:00+00:00,68478.01,69717.51,68403,69288.01,47283
2026-06-15T04:00:00+00:00,69288.01,69487.49,69082.99,69257.49,21147
2026-06-15T08:00:00+00:00,69257.49,69574.99,69127.5,69277.49,11846
2026-06-15T12:00:00+00:00,69277.49,69592.51,69042.49,69562.51,24764
2026-06-15T16:00:00+00:00,69562.51,69782.51,69532.49,69700.01,10513
2026-06-15T20:00:00+00:00,69700.01,69702.51,69293,69442.99,3323
2026-06-16T00:00:00+00:00,69442.99,70032.51,69118,69688,33460
2026-06-16T04:00:00+00:00,69688,69827.5,69253,69677.5,20533
2026-06-16T08:00:00+00:00,69677.5,69784.99,69457.99,69745.01,8195
2026-06-16T12:00:00+00:00,69745.01,70002.51,69169.99,69335,32021
2026-06-16T16:00:00+00:00,69335,69507.5,69068,69097.5,22754
2026-06-16T20:00:00+00:00,69097.5,69143,68782.99,68803.01,2752.1554697554698
2026-06-17T00:00:00+00:00,68803.01,70174.99,68793.01,70158.01,20190
2026-06-17T04:00:00+00:00,70158.01,70174.99,69662.99,69972.51,10913
2026-06-17T08:00:00+00:00,69972.51,70037.51,69692.49,69987.51,9689
2026-06-17T12:00:00+00:00,69987.51,70672.51,69982.5,70655.01,29070
2026-06-17T16:00:00+00:00,70655.01,70927.51,69727.99,69823.01,73606
2026-06-17T20:00:00+00:00,69823.01,70862.49,69697.99,70528,7863
2026-06-18T00:00:00+00:00,70528,71467.51,70352.99,71278.01,60788
2026-06-18T04:00:00+00:00,71278.01,71505.01,71048,71502.5,20034
2026-06-18T08:00:00+00:00,71502.5,71652.49,71112.49,71277.49,14577
2026-06-18T12:00:00+00:00,71277.49,71875.01,71244.99,71804.99,33803
2026-06-18T16:00:00+00:00,71804.99,72145.01,71795.01,71977.49,16732
2026-06-18T20:00:00+00:00,71977.49,72248,71702.99,72183,3041
2026-06-19T00:00:00+00:00,72183,72183.01,71065.51,71205.51,38350.241730612244
2026-06-19T04:00:00+00:00,71205.51,71750.01,70730.51,71730,21794
2026-06-19T08:00:00+00:00,71730,71942.49,71560.5,71750.01,11175
2026-06-19T12:00:00+00:00,71750.01,72145,71635.49,71997.49,11861
2026-06-19T16:00:00+00:00,71997.49,72062.51,71791.89999999998,71811.09999999996,3124.045173446782
2026-06-21T20:00:00+00:00,71928,71928,71158,71327.99,3916
2026-06-22T00:00:00+00:00,71327.99,73040,71292.99,72820.49,32828.62816274635
2026-06-22T04:00:00+00:00,72820.49,72960,72495.49,72770.51,13227
2026-06-22T08:00:00+00:00,72770.51,73489.99,72560.49,73319.99,14051
2026-06-22T12:00:00+00:00,73319.99,73719.99,72974.99,72995.01,33094
2026-06-22T16:00:00+00:00,72995.01,73180.01,72890.49,73090.5,17165
2026-06-22T20:00:00+00:00,73090.5,73187.99,72657.99,72773,3860.8821836077555
2026-06-23T00:00:00+00:00,72773,72798,71182.99,71588,61905
2026-06-23T04:00:00+00:00,71588,71692.5,69492.99,69563,44337
2026-06-23T08:00:00+00:00,69563,69655.01,68913.01,69363,36077
2026-06-23T12:00:00+00:00,69363,69577.5,68392.99,69267.99,63141
2026-06-23T16:00:00+00:00,69267.99,69512.5,68958,69122.51,38849
2026-06-23T20:00:00+00:00,69122.51,69807.99,69052.99,69698,7063
2026-06-24T00:00:00+00:00,69698,70313.01,69003,69218.01,94253
2026-06-24T04:00:00+00:00,69218.01,69797.51,68567.99,69283.01,46781
2026-06-24T08:00:00+00:00,69283.01,69810,69212.99,69747.99,28785
2026-06-24T12:00:00+00:00,69747.99,69817.51,69032.99,69632.51,59849
2026-06-24T16:00:00+00:00,69632.51,69730.01,68898,69470.01,49262
2026-06-24T20:00:00+00:00,69470.01,71463.01,69417.99,71407.99,17448
2026-06-25T00:00:00+00:00,71407.99,72182.5,70762.99,72137.99,66668
2026-06-25T04:00:00+00:00,72137.99,72697.49,71892.99,72602.51,20313
2026-06-25T08:00:00+00:00,72602.51,72637.49,72287.5,72352.51,12418.071122536418
2026-06-25T12:00:00+00:00,72352.51,72707.01,70787.49,71342.5,88418
2026-06-25T16:00:00+00:00,71342.5,71792.01,70982.49,71276.99,51812
2026-06-25T20:00:00+00:00,71276.99,71713.01,70797.99,70978.01,8113
2026-06-26T00:00:00+00:00,70978.01,71428.01,68777.99,69333.01,97879
2026-06-26T04:00:00+00:00,69333.01,69915.01,68842.99,69882.5,53264
2026-06-26T08:00:00+00:00,69882.5,70122.5,69098,69203,27496
2026-06-26T12:00:00+00:00,69203,70212.51,68932.99,69978,74485
2026-06-26T16:00:00+00:00,69978,70132.51,69538.5,69693.51,35873.1910724505
2026-06-26T20:00:00+00:00,69693.51,69753.5,69478.5,69535.5,5292
2026-06-28T20:00:00+00:00,69544.99,70296.89,69544.99,69782.4,3041
2026-06-29T00:00:00+00:00,69782.4,69832.4,68182.38,69232.39,87418
2026-06-29T04:00:00+00:00,69232.39,69831.88,68612.38,69817.39,34971
2026-06-29T08:00:00+00:00,69817.39,70154.4,69777.39,69956.9,15474
2026-06-29T12:00:00+00:00,69956.9,70219.39,68779.4,70206.9,61685
2026-06-29T16:00:00+00:00,70206.9,70849.39,70206.9,70819.39,15665
2026-06-29T20:00:00+00:00,70819.39,70829.4,70424.23,70694.25,4179.586545879127
2026-06-30T00:00:00+00:00,70694.25,70748.73,69459.24,70393.74,54975
2026-06-30T04:00:00+00:00,70393.74,70798.73,70111.23,70288.73,15565
2026-06-30T08:00:00+00:00,70288.73,70388.75,69784.24,70306.24,16296
2026-06-30T12:00:00+00:00,70306.24,71251.24,70038.73,71153.75,30087
2026-06-30T16:00:00+00:00,71153.75,71386.25,71138.73,71238.73,7374
2026-06-30T20:00:00+00:00,71238.73,71279.27,70849.78,71239.77,2692.10546911293
2026-07-01T00:00:00+00:00,71239.77,72109.28,70259.77,70764.77,53940
2026-07-01T04:00:00+00:00,70764.77,70899.79,70384.78,70721.79,19960
2026-07-01T08:00:00+00:00,70721.79,71089.29,70524.27,70881.77,12026
2026-07-01T12:00:00+00:00,70881.77,70991.77,69799.78,70064.27,47453
2026-07-01T16:00:00+00:00,70064.27,70149.28,69534.79,69674.27,21682
2026-07-01T20:00:00+00:00,69674.27,69805.88,69155.85999999999,69265.85999999999,4859.684124318618
2026-07-02T00:00:00+00:00,69265.85999999999,70055.37999999999,68840.85999999999,69560.85999999999,72718
2026-07-02T04:00:00+00:00,69560.85999999999,69745.37999999999,68435.85999999999,68600.87999999999,39336
2026-07-02T08:00:00+00:00,68600.87999999999,69205.37999999999,68465.87999999999,69092.87999999999,19455
2026-07-02T12:00:00+00:00,69092.87999999999,69895.37,68290.85999999999,68385.87999999999,83571
2026-07-02T16:00:00+00:00,68385.87999999999,68425.35999999999,67595.85999999999,68315.35999999999,50395
2026-07-02T20:00:00+00:00,68315.35999999999,68751.2,68190.85999999999,68541.19,6251.329093684134
2026-07-03T00:00:00+00:00,68541.19,69661.19,67751.18,69436.19,79296
2026-07-03T04:00:00+00:00,69436.19,70020.7,69406.19,69770.68,20946
2026-07-03T08:00:00+00:00,69770.68,69845.7,69535.68,69785.68,8074
2026-07-03T12:00:00+00:00,69785.68,69965.7,69675.68,69790.69,7094.038367346939
2026-07-03T16:00:00+00:00,69790.69,69860.69,69552,69567.09999999999,1594.5138826373657
2026-07-05T20:00:00+00:00,69825.68,70356.92,69609.92,70122.4,3216.900812422947
2026-07-06T00:00:00+00:00,70122.4,70502.42,68937.4,69331.91,61020
2026-07-06T04:00:00+00:00,69331.91,70084.41,69137.41,70049.42,17940
2026-07-06T08:00:00+00:00,70049.42,70379.41,69861.91,70004.42,13271
2026-07-06T12:00:00+00:00,70004.42,70471.9,69886.9,70351.91,31773
2026-07-06T16:00:00+00:00,70351.91,70439.4,70071.91,70261.9,11369
2026-07-06T20:00:00+00:00,70261.9,70306.92,69591.96,69686.98,2719.864471057526
2026-07-07T00:00:00+00:00,69686.98,70081.98,68536.96,68651.98,51928
2026-07-07T04:00:00+00:00,68651.98,68821.47,68121.47,68453.96,22622
2026-07-07T08:00:00+00:00,68453.96,68653.96,68186.96,68376.46,15129
2026-07-07T12:00:00+00:00,68376.46,68611.48,67391.96,67721.46,43439
2026-07-07T16:00:00+00:00,67721.46,68206.47,67451.96,67776.47,34013
2026-07-07T20:00:00+00:00,67776.47,67816.46,67286.33,67341.32,5245.142590733037
2026-07-08T00:00:00+00:00,67341.32,68555.82,67076.32,68051.33,69858
2026-07-08T04:00:00+00:00,68051.33,68090.82,66746.32,67150.81,31865
2026-07-08T08:00:00+00:00,67150.81,67233.32,65423.31,66453.33,50507
2026-07-08T12:00:00+00:00,66453.33,67403.33,66311.31,66913.33,66107
2026-07-08T16:00:00+00:00,66913.33,67843.33,66913.33,67765.81,28059
2026-07-08T20:00:00+00:00,67765.81,67977.63999999998,67565.81,67697.63999999998,4244.648874972693
2026-07-09T00:00:00+00:00,67697.63999999998,68592.15,67627.63999999998,68102.63999999998,54387
2026-07-09T04:00:00+00:00,68102.63999999998,68272.65,67577.65,67977.15999999999,26221
2026-07-09T08:00:00+00:00,67977.15999999999,68189.65999999999,67464.63999999998,68004.65,19147
2026-07-09T12:00:00+00:00,68004.65,68967.15,67952.63999999998,68867.13999999998,25178
2026-07-09T16:00:00+00:00,68867.13999999998,69074.65999999999,68822.63999999998,69012.13999999998,5893
2026-07-09T20:00:00+00:00,69012.13999999998,69290.37,68805.87,69178.39,2129.6699492229573
2026-07-10T00:00:00+00:00,69178.39,69482.89,68593.39,69083.39,30272
2026-07-10T04:00:00+00:00,69083.39,69172.87,68553.39,68742.88,12159
2026-07-10T08:00:00+00:00,68742.88,69067.89,68470.37,68895.38,11853
2026-07-10T12:00:00+00:00,68895.38,69132.88,68198.37,68963.38,37768
2026-07-10T16:00:00+00:00,68963.38,69350.39,68963.38,69247.88,6588.5994236311235
2026-07-10T20:00:00+00:00,69247.88,69300.39,69240.38,69280.38,245.12197467810915
2026-07-12T20:00:00+00:00,69285.38,69285.38,68470.09,68569.61,2590.8007614213197
2026-07-13T00:00:00+00:00,68569.61,69175.11,67205.09,67240.1,60254
2026-07-13T04:00:00+00:00,67240.1,67519.2,66727.2,67416.7,27167
2026-07-13T08:00:00+00:00,67416.7,67851.71,67411.71,67651.69,12281
2026-07-13T12:00:00+00:00,67651.69,68036.71,67302.21,67777.19,35228
2026-07-13T16:00:00+00:00,67777.19,67856.69,67142.2,67341.71,19164
2026-07-13T20:00:00+00:00,67341.71,67346.71,66458.95,66883.97,4307
2026-07-14T00:00:00+00:00,66883.97,67613.47,66338.95,67133.96,72917
2026-07-14T04:00:00+00:00,67133.96,67893.46,66848.96,67600.95,23049
2026-07-14T08:00:00+00:00,67600.95,68143.46,67575.95,68098.45,20238
2026-07-14T12:00:00+00:00,68098.45,68733.96,67918.45,68203.46,43103
2026-07-14T16:00:00+00:00,68203.46,68270.95,68025.96,68160.97,12566
2026-07-14T20:00:00+00:00,68160.97,68519.97,68108.97,68354.96,2196.6161300742974
2026-07-15T00:00:00+00:00,68354.96,68854.96,67894.97,68674.96,25102
2026-07-15T04:00:00+00:00,68674.96,68904.48,68464.97,68721.96,12518
2026-07-15T08:00:00+00:00,68721.96,68724.46,68271.96,68279.48,10214
2026-07-15T12:00:00+00:00,68279.48,68636.97,67429.47,67566.98,34333
2026-07-15T16:00:00+00:00,67566.98,67894.47,67074.46,67789.48,18522
2026-07-15T20:00:00+00:00,67789.48,67895.37000000001,67393.35,67418.35,2405.400420296608
2026-07-16T00:00:00+00:00,67418.35,67793.37000000001,66553.36,67228.35,33122
2026-07-16T04:00:00+00:00,67228.35,67282.87000000001,66468.37000000001,66482.86,20292
2026-07-16T08:00:00+00:00,66482.86,66915.37000000001,66143.37000000001,66372.87000000001,18179
2026-07-16T12:00:00+00:00,66372.87000000001,66647.87000000001,66013.37000000001,66493.35,41843
2026-07-16T16:00:00+00:00,66493.35,66498.37000000001,65708.35,66003.35,26122
2026-07-16T20:00:00+00:00,66003.35,66007.85,65505.27,65505.27,3797
2026-07-17T00:00:00+00:00,65505.27,65769.76,63795.25,63795.26,47466
2026-07-17T04:00:00+00:00,63795.26,64367.27,62790.25,63939.75,32124
2026-07-17T08:00:00+00:00,63939.75,64404.75,63597.26,64310.26,30238
2026-07-17T12:00:00+00:00,64310.26,64987.27,63425.27,64972.27,60250
2026-07-17T16:00:00+00:00,64972.27,65249.75,64772.27,65132.26,22655
2026-07-17T20:00:00+00:00,65132.26,65134.77,64955.26,65100.25,1153
2026-07-19T20:00:00+00:00,64949.07,65094.59,64604.57,65059.59,3192.936612487834
2026-07-20T00:00:00+00:00,65059.59,65379.59,64624.57,65044.57,47203
2026-07-20T04:00:00+00:00,65044.57,65289.58,64659.07,65149.07,21413
2026-07-20T08:00:00+00:00,65149.07,65974.09,65084.09,65749.07,16400
2026-07-20T12:00:00+00:00,65749.07,65916.57,65246.58,65724.07,36048
2026-07-20T16:00:00+00:00,65724.07,65869.07,64984.09,65114.07,21832
2026-07-20T20:00:00+00:00,65114.07,65211.31,64635.82,64905.81,5972
2026-07-21T00:00:00+00:00,64905.81,66085.82,64311.3,66071.3,68705
2026-07-21T04:00:00+00:00,66071.3,66385.82,65721.3,66260.81,19940
2026-07-21T08:00:00+00:00,66260.81,66415.81,65985.82,66078.32,13236
2026-07-21T12:00:00+00:00,66078.32,67288.32,66013.3,67238.3,29535
2026-07-21T16:00:00+00:00,67238.3,67328.31,67068.32,67173.32,7198
2026-07-21T20:00:00+00:00,67173.32,67544.73,67040.22,67495.23,4178
2026-07-22T00:00:00+00:00,67495.23,67654.74,66825.24,66985.24,47337
2026-07-22T04:00:00+00:00,66985.24,67144.74,65770.23,65844.74,27640
2026-07-22T08:00:00+00:00,65844.74,66237.23,65752.22,65937.22,17954
2026-07-22T12:00:00+00:00,65937.22,66634.74,65615.23,66585.24,27088
2026-07-22T16:00:00+00:00,66585.24,66719.74,66339.72,66364.74,16528
2026-07-22T20:00:00+00:00,66364.74,66676.62,65916.61,66651.62,8323
2026-07-23T00:00:00+00:00,66651.62,67081.63,66251.61,66606.61,43473
2026-07-23T04:00:00+00:00,66606.61,66866.63,65886.13,66081.12,18247
2026-07-23T08:00:00+00:00,66081.12,66526.11,66011.63,66271.12,13449
2026-07-23T12:00:00+00:00,66271.12,66286.12,65001.11,65201.13,53069
2026-07-23T16:00:00+00:00,65201.13,65503.63,65136.13,65378.62,24643
2026-07-23T20:00:00+00:00,65378.62,65712.51,65258,65433,6902
2026-07-24T00:00:00+00:00,65433,65712.51,64213.01,64338,68307
2026-07-24T04:00:00+00:00,64338,65087.5,64263.02,64973,31535
2026-07-24T08:00:00+00:00,64973,65202.52,64643,65123.02,20553
2026-07-24T12:00:00+00:00,65123.02,65222.52,64263.01,64997.51,59822
2026-07-24T16:00:00+00:00,64997.51,65072.51,64273,64413.02,26517
2026-07-24T20:00:00+00:00,64413.02,64417.5,64283,64360.01,1295
2026-07-26T20:00:00+00:00,64360.01,65715.07,64360.01,65415.57,3852.9480890204577
2026-07-27T00:00:00+00:00,65415.57,65415.57,64195.56,64620.55,73560
2026-07-27T04:00:00+00:00,64620.55,65185.05,64530.55,64945.55,21632
2026-07-27T08:00:00+00:00,64945.55,65320.07,64880.56,65035.57,14309
2026-07-27T12:00:00+00:00,65035.57,65230.07,63490.56,63610.55,60067
2026-07-27T16:00:00+00:00,63610.55,64140.06,63385.55,64060.07,37101
2026-07-27T20:00:00+00:00,64060.07,64100.05,63516.86,63551.869999999995,5068
2026-07-28T00:00:00+00:00,63551.869999999995,63641.88,62011.86,62536.869999999995,73531
2026-07-28T04:00:00+00:00,62536.869999999995,62686.38,62156.86,62501.38,33627
2026-07-28T08:00:00+00:00,62501.38,62811.38,62086.86,62456.88,29310
2026-07-28T12:00:00+00:00,62456.88,62981.86,61926.869999999995,62926.869999999995,65447
2026-07-28T16:00:00+00:00,62926.869999999995,62986.36,62423.86,62541.369999999995,30166
2026-07-28T20:00:00+00:00,62541.369999999995,62956.9,62026.91,62801.92,7797
2026-07-29T00:00:00+00:00,62801.92,63251.91,60811.91,60871.92,101847
2026-07-29T04:00:00+00:00,60871.92,62536.92,60521.9,62476.9,55981
2026-07-29T08:00:00+00:00,62476.9,62926.4,62331.9,62816.380000000005,28067
2026-07-29T12:00:00+00:00,62816.380000000005,62836.380000000005,61561.9,61711.380000000005,63016
2026-07-29T16:00:00+00:00,61711.380000000005,63071.39000000001,61266.880000000005,61333.89000000001,74128
2026-07-29T20:00:00+00:00,61333.89000000001,62182.12,60896.880000000005,61542.12,17005.57782333846
2026-07-30T00:00:00+00:00,61542.12,62999.11,61317.11,62067.1,106642
2026-07-30T04:00:00+00:00,62067.1,62321.59,61427.079999999994,61667.1,45996
2026-07-30T08:00:00+00:00,61667.1,62712.1,61477.079999999994,62647.61,31857
2026-07-30T12:00:00+00:00,62647.61,63512.11,62487.61,63382.6,63509
2026-07-30T16:00:00+00:00,63382.6,63772.11,63362.6,63704.61,17327
2026-07-30T20:00:00+00:00,63704.61,64487.38,63637.59,64287.88,6726
2026-07-31T00:00:00+00:00,64287.88,65512.4,63922.88,64272.89,50747
2026-07-31T04:00:00+00:00,64272.89,64727.38,63532.88,64037.89,29430
2026-07-31T08:00:00+00:00,64037.89,64322.39,63642.88,64047.89,32613
2026-07-31T12:00:00+00:00,64047.89,64132.39,62652.88,63247.88,81303
2026-07-31T16:00:00+00:00,63247.88,63534.88,63097.89,63282.9,32269
2026-07-31T20:00:00+00:00,63282.9,63362.4,63037.88,63057.4,2682
2026-08-02T20:00:00+00:00,63057.4,64190.58,63057.4,63795.58,3712.1840724845015
2026-08-03T00:00:00+00:00,63795.58,64000.09,62785.58,63735.6,62325
2026-08-03T04:00:00+00:00,63735.6,63915.59,63595.58,63765.59,23303
2026-08-03T08:00:00+00:00,63765.59,63795.6,62625.58,62665.59,24320
2026-08-03T12:00:00+00:00,62665.59,63275.1,62127.59,63190.1,48948
2026-08-03T16:00:00+00:00,63190.1,63475.1,63065.58,63422.58,10524
2026-08-03T20:00:00+00:00,63422.58,64313.14,63390.58,64308.12,3255.50156915527
2026-08-04T00:00:00+00:00,64308.12,64323.14,62948.12,63593.12,52192
2026-08-04T04:00:00+00:00,63593.12,64113.14,63348.13,64010.14,17678
2026-08-04T08:00:00+00:00,64010.14,64527.64,63678.12,64457.63,18207
2026-08-04T12:00:00+00:00,64457.63,65135.12,64252.62,65082.62,21492
2026-08-04T16:00:00+00:00,65082.62,65632.63,65070.12,65483.13,9722
2026-08-04T20:00:00+00:00,65483.13,65879.61,65368.14,65544.61,5195
2026-08-05T00:00:00+00:00,65544.61,66224.62,65514.62,66079.12,34453
2026-08-05T04:00:00+00:00,66079.12,66364.12,65964.6,66094.1,12913
2026-08-05T08:00:00+00:00,66094.1,66484.11,65924.11,66369.61,11579
2026-08-05T12:00:00+00:00,66369.61,66816.61,65849.12,65901.61,36681
2026-08-05T16:00:00+00:00,65901.61,66054.1,65704.6,65721.6,19063
2026-08-05T20:00:00+00:00,65721.6,65983.46,65448.94,65553.94,4514.803324880248
2026-08-06T00:00:00+00:00,65553.94,65743.44,64983.95,65603.96,42322
2026-08-06T04:00:00+00:00,65603.96,65883.45,65448.96,65540.95,17279
2026-08-06T08:00:00+00:00,65540.95,65708.46,65310.96,65413.45,17345
2026-08-06T12:00:00+00:00,65413.45,66375.96,64948.45,65915.95,42659
2026-08-06T16:00:00+00:00,65915.95,66015.96,65580.94,65648.46,23644
2026-08-06T20:00:00+00:00,65648.46,65931.16,65503.95,65881.67,3669
2026-08-07T00:00:00+00:00,65881.67,65956.16,64691.65,65106.66,48517
2026-08-07T04:00:00+00:00,65106.66,65811.17,65036.65,65756.17,14936
2026-08-07T08:00:00+00:00,65756.17,66063.66,65686.65,65968.65,9289
2026-08-07T12:00:00+00:00,65968.65,66738.67,65931.16,66128.67,43209
2026-08-07T16:00:00+00:00,66128.67,66346.16,65838.65,66316.17,13162
2026-08-07T20:00:00+00:00,66316.17,66361.17,66256.66,66301.67,496.98313388417375
2026-08-09T20:00:00+00:00,66301.67,66434.04,66137.03,66199.03,2282.889737756505
2026-08-10T00:00:00+00:00,66199.03,67058.53,66074.02,66914.03,29827
2026-08-10T04:00:00+00:00,66914.03,67328.52,66749.02,67283.52,11312
2026-08-10T08:00:00+00:00,67283.52,67598.52,67021.02,67188.54,11039
2026-08-10T12:00:00+00:00,67188.54,67256.02,66693.52,66866.02,33764
2026-08-10T16:00:00+00:00,66866.02,66898.54,66678.52,66734.03,7820
2026-08-10T20:00:00+00:00,66734.03,66822.65,66447.67,66592.65,1570.2832065313007
2026-08-11T00:00:00+00:00,66592.65,67207.17,66342.66,67062.65,14563
2026-08-11T04:00:00+00:00,67062.65,67157.16,66787.65,66952.16,6032
2026-08-11T08:00:00+00:00,66952.16,67547.15,66862.65,67337.16,10738
2026-08-11T12:00:00+00:00,67337.16,67534.66,67142.15,67167.15,21557
2026-08-11T16:00:00+00:00,67167.15,67207.17,66942.15,67124.67,8420
2026-08-11T20:00:00+00:00,67124.67,67269.47,66999.46,67264.45,1743.3671123607394
2026-08-12T00:00:00+00:00,67264.45,67408.97,66779.47,67324.45,20911
2026-08-12T04:00:00+00:00,67324.45,67783.97,67319.47,67756.47,5863.478381096028
2026-08-12T08:00:00+00:00,67756.47,68211.47,67678.96,68191.45,6571
2026-08-12T12:00:00+00:00,68191.45,68933.96,67844.46,68533.96,29301
2026-08-12T16:00:00+00:00,68533.96,68596.46,68428.95,68521.47,6960
2026-08-12T20:00:00+00:00,68521.47,68649.45,68333.34,68378.34,1699.970261601583
2026-08-13T00:00:00+00:00,68378.34,68847.82,68218.32,68732.83,27211
2026-08-13T04:00:00+00:00,68732.83,68822.84,68253.32,68257.82,10934
2026-08-13T08:00:00+00:00,68257.82,68485.32,68143.32,68437.83,7264
2026-08-13T12:00:00+00:00,68437.83,69547.84,68303.32,69178.32,18533
2026-08-13T16:00:00+00:00,69178.32,69442.84,69118.32,69175.32,4954
2026-08-13T20:00:00+00:00,69175.32,69437.08,69083.32,69212.08,3275.5554055754274
2026-08-14T00:00:00+00:00,69212.08,69646.57,68657.07,68662.06,27698
2026-08-14T04:00:00+00:00,68662.06,68891.56,68497.07,68699.08,10604
2026-08-14T08:00:00+00:00,68699.08,69009.08,68637.06,68979.08,8107
2026-08-14T12:00:00+00:00,68979.08,68999.07,68464.07,68531.56,23548
2026-08-14T16:00:00+00:00,68531.56,68726.56,68529.06,68719.04,6078.883151569107
2026-08-14T20:00:00+00:00,68719.04,68749.06,68659.55,68744.05,542
2026-08-16T20:00:00+00:00,68741.57,68991.81,68741.57,68962.33,1539.2064209937569
2026-08-17T00:00:00+00:00,68962.33,69136.83,68512.33,68871.82,13419
2026-08-17T04:00:00+00:00,68871.82,69316.82,68862.32,69269.32,4904.662611950274
2026-08-17T08:00:00+00:00,69269.32,69291.81,68924.32,69059.31,5899
2026-08-17T12:00:00+00:00,69059.31,69554.32,68947.32,69474.31,15415
2026-08-17T16:00:00+00:00,69474.31,69479.32,68989.31,69076.81,6427
2026-08-17T20:00:00+00:00,69076.81,69123.36,68866.35,68936.35,2064.916976170655
2026-08-18T00:00:00+00:00,68936.35,69120.87,67711.35,67986.35,26720
2026-08-18T04:00:00+00:00,67986.35,68120.87,67396.36,67396.36,13158
2026-08-18T08:00:00+00:00,67396.36,67420.87,67085.85,67320.86,14088
2026-08-18T12:00:00+00:00,67320.86,67415.87,66121.35,66358.37,30996
2026-08-18T16:00:00+00:00,66358.37,66433.37,66183.37,66300.86,11305
2026-08-18T20:00:00+00:00,66300.86,66300.86,65931.77,65941.79,3538.6035123847814
2026-08-19T00:00:00+00:00,65941.79,66251.28,65346.78,65686.77,50948
2026-08-19T04:00:00+00:00,65686.77,66008.79,65156.77,66001.78,19850
2026-08-19T08:00:00+00:00,66001.78,66403.77,65871.79,66106.29,17521
2026-08-19T12:00:00+00:00,66106.29,66896.29,65756.78,66206.28,49466
2026-08-19T16:00:00+00:00,66206.28,66331.29,65741.78,65973.77,16860
2026-08-19T20:00:00+00:00,65973.77,66544.84,65943.78,66074.84,3254
2026-08-20T00:00:00+00:00,66074.84,66339.86,65654.84,65894.84,30590
2026-08-20T04:00:00+00:00,65894.84,66384.36,65864.84,65919.35,11351
2026-08-20T08:00:00+00:00,65919.35,66066.86,65414.34,65441.85,21875
2026-08-20T12:00:00+00:00,65441.85,65984.35,64889.35,65674.86,39168
2026-08-20T16:00:00+00:00,65674.86,65864.35,65304.84,65589.84,11077
2026-08-20T20:00:00+00:00,65589.84,65610.6,65196.1,65271.1,2666.6834914669926
2026-08-21T00:00:00+00:00,65271.1,66135.62,65191.11,65921.12,32982
2026-08-21T04:00:00+00:00,65921.12,66298.12,65746.1,66286.1,11468
2026-08-21T08:00:00+00:00,66286.1,66470.62,65995.61,66268.1,10716
2026-08-21T12:00:00+00:00,66268.1,66288.11,65605.6,66043.11,26354
2026-08-21T16:00:00+00:00,66043.11,66075.6,65833.11,65921.12,8635
2026-08-21T20:00:00+00:00,65921.12,65970.62,65901.11,65968.11,287
2026-08-23T20:00:00+00:00,65968.11,66236.52,65806.5,66181.52,2279
2026-08-24T00:00:00+00:00,66181.52,66258.51,65551.5,65606.5,36189
2026-08-24T04:00:00+00:00,65606.5,65801.01,65411.5,65411.5,12395
2026-08-24T08:00:00+00:00,65411.5,65956.01,65266.5,65676,11440
2026-08-24T12:00:00+00:00,65676,65681.01,64861,65281,26125
2026-08-24T16:00:00+00:00,65281,65561.02,65251,65356.52,11088
2026-08-24T20:00:00+00:00,65356.52,65438.51,65123.5,65148.5,1871
2026-08-25T00:00:00+00:00,65148.5,65923.02,64613.5,65738.5,42098
2026-08-25T04:00:00+00:00,65738.5,65993.02,65688.5,65843.02,14768
2026-08-25T08:00:00+00:00,65843.02,66363.01,65763.52,66167.98999999999,12574
2026-08-25T12:00:00+00:00,66167.98999999999,66325.5,65568.48,65963.5,24419
2026-08-25T16:00:00+00:00,65963.5,66103,65873,66068.5,6309
2026-08-25T20:00:00+00:00,66068.5,66203.48999999999,65660.1,65660.1,2737
2026-08-26T00:00:00+00:00,65660.1,66514.61,65390.1,66280.11,29848
2026-08-26T04:00:00+00:00,66280.11,66439.6,66175.11,66215.11,10408
2026-08-26T08:00:00+00:00,66215.11,66417.11,66159.61,66267.1,8567
2026-08-26T12:00:00+00:00,66267.1,66394.61,65874.6,65914.6,19655
2026-08-26T16:00:00+00:00,65914.6,66074.63999999998,65767.13999999998,66000.12,6222
2026-08-26T20:00:00+00:00,66000.12,67341.73,65945.12999999999,67081.72,5635
2026-08-27T00:00:00+00:00,67081.72,67091.72,65761.73999999999,66441.72,34796
2026-08-27T04:00:00+00:00,66441.72,66516.23999999999,65991.72,66166.22,11652
2026-08-27T08:00:00+00:00,66166.22,66471.23999999999,66091.22,66263.73999999999,11472
2026-08-27T12:00:00+00:00,66263.73999999999,66431.23,65678.73,66077.21,31631
2026-08-27T16:00:00+00:00,66077.21,66241.73,65806.73,66226.72,9310
2026-08-27T20:00:00+00:00,66226.72,66251.73,65852.88,66132.89,2448
2026-08-28T00:00:00+00:00,66132.89,66824.88,66027.88,66677.9,26892
2026-08-28T04:00:00+00:00,66677.9,66687.38,66252.88,66479.88,9944
2026-08-28T08:00:00+00:00,66479.88,66679.89,66442.88,66499.89,8977
2026-08-28T12:00:00+00:00,66499.89,66827.4,65859.88,65862.88,32443
2026-08-28T16:00:00+00:00,65862.88,65904.9,65637.38,65744.89,26283
2026-08-28T20:00:00+00:00,65744.89,65817.39,65702.4,65807.9,744
2026-08-30T20:00:00+00:00,65807.9,65807.9,64798.41,64808.41,3899
2026-08-31T00:00:00+00:00,64803.42,65708.42,64578.42,65693.4,39335
2026-08-31T04:00:00+00:00,65693.4,66465.41,65658.4,66353.41,13083
2026-08-31T08:00:00+00:00,66353.41,66492.92,66203.41,66307.92,9251
2026-08-31T12:00:00+00:00,66307.92,66492.92,65765.4,65772.91,23147
2026-08-31T16:00:00+00:00,65772.91,65952.9,65695.4,65852.92,9866
2026-08-31T20:00:00+00:00,65852.92,65957.23,65765.21,65800.21,3256
2026-09-01T00:00:00+00:00,65800.21,66410.23,65550.22,66225.23,29632
2026-09-01T04:00:00+00:00,66225.23,66529.73,65944.72,65995.22,11976
2026-09-01T08:00:00+00:00,65995.22,66005.22,64950.23,64979.71,19940
2026-09-01T12:00:00+00:00,64979.71,65609.73,64884.71,65599.71,17813
2026-09-01T16:00:00+00:00,65599.71,65604.73,64620.22,64850.21,14092
2026-09-01T20:00:00+00:00,64850.21,64914.71,64706.99,64807.01,3889
2026-09-02T00:00:00+00:00,64807.01,64912.01,64226.51,64347,25573
2026-09-02T04:00:00+00:00,64347,64556.5,64196.99,64366.5,12241
2026-09-02T08:00:00+00:00,64366.5,64491.51,63706.49,64166.51,18512
2026-09-02T12:00:00+00:00,64166.51,64601.5,63961.99,64542.01,22991
2026-09-02T16:00:00+00:00,64542.01,64826.49,64501.99,64727.01,8954
2026-09-02T20:00:00+00:00,64727.01,64739.21,64451.99,64669.19,3271
2026-09-03T00:00:00+00:00,64669.19,64689.19,64119.19,64549.19,31138
2026-09-03T04:00:00+00:00,64549.19,64588.69,63748.7,64233.71,23159
2026-09-03T08:00:00+00:00,64233.71,64563.7,63738.7,63758.7,22541
2026-09-03T12:00:00+00:00,63758.7,64648.7,63689.19,64558.71,33937
2026-09-03T16:00:00+00:00,64558.71,64698.7,64486.19,64568.7,8611
2026-09-03T20:00:00+00:00,64568.7,64765.45,64534.2,64600.94,2949
2026-09-04T00:00:00+00:00,64600.94,64955.46,64270.95,64902.96,18582
2026-09-04T04:00:00+00:00,64902.96,65180.44,64775.94,65055.44,6959
2026-09-04T08:00:00+00:00,65055.44,65297.94,64955.94,65270.44,8088
2026-09-04T12:00:00+00:00,65270.44,65822.96,64635.95,65790.44,32202
2026-09-04T16:00:00+00:00,65790.44,65947.95,65587.94,65815.46,7279
2026-09-04T20:00:00+00:00,65815.46,65830.46,65730.94,65782.96,363
2026-09-06T20:00:00+00:00,65782.96,66370.55,65782.96,66056.04,2258
2026-09-07T00:00:00+00:00,66056.04,66670.55,65881.04,66246.03,26947
2026-09-07T04:00:00+00:00,66246.03,66518.05,66146.03,66421.05,14051
2026-09-07T08:00:00+00:00,66421.05,66438.05,65855.53,65895.53,11756
2026-09-07T12:00:00+00:00,65895.53,66163.03,65841.03,66055.54,7559
2026-09-07T16:00:00+00:00,66055.54,66065.54,65995.54,66035.55,692
2026-09-07T20:00:00+00:00,66035.55,66137.18,65787.66,65812.67,1735
2026-09-08T00:00:00+00:00,65812.67,66772.18,65712.67,66617.18,17461
2026-09-08T04:00:00+00:00,66617.18,66627.18,65014.68,65039.67,17655
2026-09-08T08:00:00+00:00,65039.67,65532.16,64912.66,65399.68,22039
2026-09-08T12:00:00+00:00,65399.68,65609.67,65109.66,65414.68,26582
2026-09-08T16:00:00+00:00,65414.68,65497.17,65074.68,65152.16,10945
2026-09-08T20:00:00+00:00,65152.16,65177.18,64794.49,64939.5,2662
2026-09-09T00:00:00+00:00,64939.5,65769,64934.49,65224.49,15368
2026-09-09T04:00:00+00:00,65224.49,65319.01,64934.01,65231.51,11143
2026-09-09T08:00:00+00:00,65231.51,65341.49,64389.49,64413.99,20663
2026-09-09T12:00:00+00:00,64413.99,64978.99,64179,64276.49,29339
2026-09-09T16:00:00+00:00,64276.49,64408.99,64131.49,64174.49,8772
2026-09-09T20:00:00+00:00,64174.49,64575,64134.49,64572.99,2763
2026-09-10T00:00:00+00:00,64572.99,64782.5,64143,64708,37651
2026-09-10T04:00:00+00:00,64713.01,65317.5,64668,65048,12505
2026-09-10T08:00:00+00:00,65048,65192.49,64537.99,64537.99,14394
2026-09-10T12:00:00+00:00,64537.99,64603.01,64022.49,64097.49,31361
2026-09-10T16:00:00+00:00,64097.49,64272.5,63912.49,64012.51,13278
2026-09-10T20:00:00+00:00,64012.51,64097.5,63117.99,63133.01,3559
2026-09-11T00:00:00+00:00,63133.01,63628.01,63022.99,63467.99,26887
2026-09-11T04:00:00+00:00,63467.99,64297.5,63423.01,64127.99,13085
2026-09-11T08:00:00+00:00,64127.99,64472.5,63962.99,64272.5,10572
2026-09-11T12:00:00+00:00,64272.5,64890,64008,64784.99,28334
2026-09-11T16:00:00+00:00,64784.99,64859.99,64647.49,64687.49,8337
2026-09-11T20:00:00+00:00,64687.49,64712.49,64648,64662.99,397
